{
    "position": [
        -0.04663851691257853,
        0.06229307679273273,
        0.04688036295250027
    ],
    "orientation": [
        -0.017880614717624897,
        0.024738530261675495,
        -0.6850739097573599,
        0.7278337907156942
    ],
    "rpy": [
        [
            -0.05996357360446053,
            0.011512245535323968,
            -1.5106325668526943
        ]
    ]
}