{
    "position": [
        -0.04616327617268796,
        0.054569608430523955,
        0.02722196523817782
    ],
    "orientation": [
        -0.02483712830061002,
        0.0002546022523579605,
        -0.6815692349804616,
        0.7313319562029407
    ],
    "rpy": [
        [
            -0.03670424737063997,
            -0.0334903076510855,
            -1.4997702036693996
        ]
    ]
}