{
    "position": [
        -0.07864055054542486,
        0.04045120189556062,
        0.0444347393105364
    ],
    "orientation": [
        -0.007073616413359456,
        0.013852649990615307,
        -0.6489450148172811,
        0.7606763015783213
    ],
    "rpy": [
        [
            -0.028746673268991066,
            0.011894269359768688,
            -1.4127713754274713
        ]
    ]
}