{
  "width": 1280,
  "height": 720,
  "fx": 672.4786376953125,
  "fy": 672.4786376953125,
  "cx": 680.5521850585938,
  "cy": 341.333251953125,
  "scale": 1.0
}