{
    "position": [
        -0.05012880182685356,
        0.06142343164220494,
        0.0196198798324644
    ],
    "orientation": [
        -0.021812861218018068,
        0.008410599490007997,
        -0.6871251435099677,
        0.7261628591838805
    ],
    "rpy": [
        [
            -0.043257959570286934,
            -0.017762334832992253,
            -1.5151822966124757
        ]
    ]
}