{
    "position": [
        -0.0434743761652491,
        0.06177076844558484,
        0.02510431318710633
    ],
    "orientation": [
        -0.027920325632332692,
        -0.0008814243887603768,
        -0.6808202719286719,
        0.7319176427977403
    ],
    "rpy": [
        [
            -0.03971169450073496,
            -0.03931783690777071,
            -1.4977088787678008
        ]
    ]
}