{
  "width": 1280,
  "height": 720,
  "fx": 672.0325927734375,
  "fy": 672.0325927734375,
  "cx": 680.5795288085938,
  "cy": 341.390380859375,
  "scale": 1.0
}