{
  "width": 1280,
  "height": 720,
  "fx": 670.9168701171875,
  "fy": 670.9168701171875,
  "cx": 680.5557861328125,
  "cy": 341.3376159667969,
  "scale": 1.0
}